{
  "What programs does IBA Sukkur offer?": "IBA Sukkur offers programs like BBA, BSCS, MBA, BE-Electrical, and B.Ed.",
  "How can I apply to IBA Sukkur?": "You can apply online through the admission portal at https://admissions.iba-suk.edu.pk/",
  "What is the fee structure for BBA?": "The BBA program costs around Rs. 60,000 per semester. Visit the official site for the latest updates.",
  "Is hostel available at IBA Sukkur?": "Yes, hostel facilities are available for both male and female students.",
  "Does IBA Sukkur offer scholarships?": "Yes, the university provides merit-based and need-based scholarships to deserving students.",
  "Where is IBA Sukkur located?": "IBA Sukkur is located at Airport Road, Sukkur, Sindh, Pakistan.",
  "Is IBA Sukkur recognized by HEC?": "Yes, IBA Sukkur is recognized by the Higher Education Commission (HEC) of Pakistan.",
  "What departments are at IBA Sukkur?": "IBA Sukkur has departments such as Business Administration, Computer Science, Education, Electrical Engineering, and Mathematics.",
  "What is the contact number of IBA Sukkur?": "You can contact the university at (071) 5644000.",
  "Who is founder of IBA Sukkur?": "IBA Sukkur was founded by Nisar Ahmed Siddiqui in 1994.",
  "Who is current vice chancellor of IBA Sukkur?": "The current vice chancellor of IBA Sukkur is Prof. Dr. Asif Ahmed Shaikh.",
  "What is the ranking of IBA Sukkur?": "IBA Sukkur is ranked among the top business schools in Pakistan and is highly regarded for quality education.",
  "Does IBA Sukkur offer evening programs?": "Yes, IBA Sukkur offers evening and weekend programs for working professionals in selected fields.",
  "How can I check my admission status?": "You can log in to your admission portal to check your application and admission status.",
  "What facilities are available at IBA Sukkur?": "IBA Sukkur provides modern classrooms, computer labs, hostels, sports complex, library, and cafeterias.",
  "When was IBA Sukkur established?": "IBA Sukkur was established in 1994 as a business school and later became a degree-awarding institution.",
  "Is there transport facility for students?": "Yes, IBA Sukkur provides transport facilities for students within the city and nearby areas.",
  "What are the eligibility criteria for BSCS?": "To apply for BSCS, candidates must have completed HSSC with at least 50% marks and pass the entrance test.",
  "Can international students apply to IBA Sukkur?": "Yes, international students can apply by meeting admission criteria and submitting required documents.",
  "How can I contact the admission office?": "You can contact the admission office via email at admissions@iba-suk.edu.pk or call (071) 5644000.",
  "What is the duration of the BBA program?": "The BBA program at IBA Sukkur is a 4-year undergraduate degree.",
    "Are there any online degree programs?": "Currently, most degree programs are offered on-campus. Online or hybrid options may be introduced in the future.",
    "What is the medium of instruction at IBA Sukkur?": "The medium of instruction for most programs is English.",
    "What kind of entrance test is required?": "IBA Sukkur conducts its own entrance test which includes English, Math, and General Knowledge sections.",
    "Does IBA Sukkur offer MS or MPhil programs?": "Yes, IBA Sukkur offers MS programs in Management Sciences, Education, and Computer Science.",
    "Is financial assistance available at IBA Sukkur?": "Yes, financial assistance is available for need-based students through institutional and external scholarships.",
    "Are there student clubs or societies at IBA Sukkur?": "Yes, students can join clubs related to debate, drama, sports, tech, business, and more.",
    "What is the hostel fee at IBA Sukkur?": "Hostel fees vary by room type, approximately Rs. 15,000 to Rs. 25,000 per semester.",
    "Does the university have a gym or fitness center?": "Yes, IBA Sukkur has a gym and recreational facilities for students.",
    "Is there a cafeteria or dining area on campus?": "Yes, multiple cafeterias and snack bars are available for students and staff.",
    "Can I transfer credits from another university?": "Yes, credit transfer is possible based on university policy and course equivalency.",
    "How can I reach IBA Sukkur from the airport?": "IBA Sukkur is located about 5–10 minutes from the Sukkur airport by car.",
    "When do admissions usually open?": "Admissions typically open in June or July for the Fall semester.",
    "How many students are currently enrolled at IBA Sukkur?": "IBA Sukkur has over 3,000 enrolled students across all departments.",
    "Does the university offer industrial or internship programs?": "Yes, internship programs and industry linkages are part of the academic curriculum."
  
  

}
